log_no,url,title,published,status,error,body_hash,notes
60054951389,https://blog.naver.com/PostView.naver?blogId=agapeuni&logNo=60054951389&categoryNo=1123,"Microsoft Project - 일정탭, 속성 지정, 요약 작업, 날짜 설정",2008. 9. 7. 7:23,full-text,,01d1283baff832e1e85e59ba6591cfb67adb5c55b27fd85f7ecf65497aae8eca,1
60054952028,https://blog.naver.com/PostView.naver?blogId=agapeuni&logNo=60054952028&categoryNo=1123,"Microsoft Project - WBS 정의, 개요번호, Milestone, Deadline",2008. 9. 7. 8:31,full-text,,01aeb8bbb602ac3ef943b44bb280131c39f13172d616a4f00198db228afd5340,1
60055457669,https://blog.naver.com/PostView.naver?blogId=agapeuni&logNo=60055457669&categoryNo=1123,"Microsoft Project - 선행작업, 후속작업, 지연시간, 선행시간",2008. 9. 23. 1:40,full-text,,6e15229214f876ab128e7a9f7db9ef78cbeaf407ae1c23df0b6f0209de99f157,1
60061002975,https://blog.naver.com/PostView.naver?blogId=agapeuni&logNo=60061002975&categoryNo=1123,"자격, 학력, 경력 - 소프트웨어 기술자 등급 기준 총정리",2009. 1. 19. 8:21,full-text,,a35699e3fbdebc59c93873f7b0b7bf66e959ab1f82a316fcfcda764ad0822ef4,1
60117738488,https://blog.naver.com/PostView.naver?blogId=agapeuni&logNo=60117738488&categoryNo=1123,초급부터 특급까지 - 소프트웨어 기술자 등급 및 경력 인정 기준,2010. 11. 3. 9:54,full-text,,68e0e57ad95173140a4be7ef64d77e199ccca64909392dbfe236922f11845734,1
60117751938,https://blog.naver.com/PostView.naver?blogId=agapeuni&logNo=60117751938&categoryNo=1123,Competency Matrix - 프로그래머 능력평가 매트릭스,2010. 11. 3. 14:36,full-text,,62180a5401d3f16d064f3bc8c62bedaa57a75e36781dc21508df6c8a3b7eb3d3,1
60155439009,https://blog.naver.com/PostView.naver?blogId=agapeuni&logNo=60155439009&categoryNo=1123,2006년 노임단가 - 소프트웨어 기술자 등급별 노임단가,2012. 2. 13. 23:26,full-text,,f6b99b2f1b1d8aa1a6a6b718e559775400af73fdbb32888af8580437294346e2,1
60155439234,https://blog.naver.com/PostView.naver?blogId=agapeuni&logNo=60155439234&categoryNo=1123,2007년 노임단가 - 소프트웨어 기술자 등급별 노임단가,2012. 2. 13. 23:29,full-text,,fc8a886fde2dc3513282a81acbd501d49409d937af3d455be928902b644cef12,1
60155439332,https://blog.naver.com/PostView.naver?blogId=agapeuni&logNo=60155439332&categoryNo=1123,2008년 노임단가 - 소프트웨어 기술자 등급별 노임단가,2012. 2. 13. 23:30,full-text,,04a71878aa527492a93e7f1a118c7a1b8d8638796ac346bc987344f9bb6b993b,1
60155439502,https://blog.naver.com/PostView.naver?blogId=agapeuni&logNo=60155439502&categoryNo=1123,2009년 노임단가 - 소프트웨어 기술자 등급별 노임단가,2012. 2. 13. 23:32,full-text,,600dd174889f40f66d710cc64ae0c125ed32aa3bbece98cabc2b7f122debae03,1
60155439673,https://blog.naver.com/PostView.naver?blogId=agapeuni&logNo=60155439673&categoryNo=1123,2010년 노임단가 - 소프트웨어 기술자 등급별 노임단가,2012. 2. 13. 23:34,full-text,,e873f6b5f9ae7335eb44cd46363d13aae51e56efc376ce3ced90b24ca1f5860f,1
60155439771,https://blog.naver.com/PostView.naver?blogId=agapeuni&logNo=60155439771&categoryNo=1123,2011년 노임단가 - 소프트웨어 기술자 등급별 노임단가,2012. 2. 13. 23:35,full-text,,2e501524faffa37ea213a334ba14c567e0d7dc0d7e44e1a417f99d0ec9b50003,1
60155441812,https://blog.naver.com/PostView.naver?blogId=agapeuni&logNo=60155441812&categoryNo=1123,2004년 ~ 2011년 - 소프트웨어 기술자 노임단가 추이분석,2012. 2. 14. 0:00,full-text,,76a53f3639707597455a0d6cd09b740e606dcd91049649328bddab3879e53466,1
60159143795,https://blog.naver.com/PostView.naver?blogId=agapeuni&logNo=60159143795&categoryNo=1123,속담과 격언 - 프로그래머에 대한 속담과 격언 🤣,2012. 3. 29. 22:16,full-text,,b044a0f8cbf82db71e5b78ce8a4347da377037aac6f79828ef42c1d99b007b80,1
60175578574,https://blog.naver.com/PostView.naver?blogId=agapeuni&logNo=60175578574&categoryNo=1123,기술자 등급표기 삭제 - 소프트웨어 기술자 신고제도 폐지,2012. 11. 13. 9:14,full-text,,506ab0c91c748b34456e280998b9ebcbbc4f046d79c2159ec1b8a1e4262fddcd,1
60199321374,https://blog.naver.com/PostView.naver?blogId=agapeuni&logNo=60199321374&categoryNo=1123,2012년 노임단가 - 소프트웨어 기술자 등급별 노임단가,2013. 9. 4. 2:50,full-text,,d73f2f63971635270ac7aa836f070f4b46b40b1d596a02e7739eaadb091927de,1
60199321420,https://blog.naver.com/PostView.naver?blogId=agapeuni&logNo=60199321420&categoryNo=1123,2013년 노임단가 - 소프트웨어 기술자 등급별 노임단가,2013. 9. 4. 2:52,full-text,,ea6018e832d5f85335248c1a3662efefa5fa6a87a250be1c975d3b5f39ff8e8c,1
60210060370,https://blog.naver.com/PostView.naver?blogId=agapeuni&logNo=60210060370&categoryNo=1123,프로그래머의 진실 - 다른 시각의 프로그래머의 모습 🤣,2014. 2. 26. 23:44,full-text,,6364efb65472cd0eb3629d35f1f40f05955dcc77428ee9687600e9f79da23b39,1
220063341966,https://blog.naver.com/PostView.naver?blogId=agapeuni&logNo=220063341966&categoryNo=1123,전자문제집 CBT - 컴퓨터 자격증 기출문제 모의고사,2014. 7. 17. 17:39,full-text,,a41a754896230efb904d4932bcde3c53ea83aced37bb25443a73e37cfb5358df,1
220170310383,https://blog.naver.com/PostView.naver?blogId=agapeuni&logNo=220170310383&categoryNo=1123,2014년 노임단가 - 소프트웨어 기술자 등급별 노임단가,2014. 11. 3. 17:12,full-text,,97b9f3de45079ddb8b0272c145676d4509df34df9322eb8cafdcf2fd2c9cf4cd,1
220185756018,https://blog.naver.com/PostView.naver?blogId=agapeuni&logNo=220185756018&categoryNo=1123,10년 경력도 무시? - SW기술자 경력제도의 문제점과 개선방안,2014. 11. 19. 14:22,full-text,,e1151710b9b807e3e48a52f1a3f251a460d5fbe5c85cb42d51276ffefa9d36d7,1
220257962307,https://blog.naver.com/PostView.naver?blogId=agapeuni&logNo=220257962307&categoryNo=1123,"IT Master - 주요 IT 기술 창시자들 (Web, JS, JSON, jQuery, Java, Spring, ......)",2015. 1. 30. 23:47,full-text,,9daeb708169fcaa2598424ca69530834dc2049bacdfb974c140738c927a1a445,1
220371853730,https://blog.naver.com/PostView.naver?blogId=agapeuni&logNo=220371853730&categoryNo=1123,Hello World - 년차별로 작성한 Hello World 예제,2015. 5. 27. 16:34,full-text,,7e87e7535eaeb2b1c0b9528ce49572ea44813f18e73f9113504fe71deaf8eab9,1
220407667323,https://blog.naver.com/PostView.naver?blogId=agapeuni&logNo=220407667323&categoryNo=1123,2005년 ~ 2014년 - 소프트웨어 기술자 등급별 노임단가,2015. 7. 2. 1:47,full-text,,a1935306d877d722937f2bcff73e393e40b13d11dc1cd75e33db999d4f96a30c,1
220408640675,https://blog.naver.com/PostView.naver?blogId=agapeuni&logNo=220408640675&categoryNo=1123,[PRJ-01] 1998.04 ~ 1998.09 - DSP 음성 제어 모듈 및 프로그램,2015. 7. 2. 23:40,full-text,,bd7b243a8d34e910d53c14673e0a26ba24a49c652cb75cce33cb6e8008da814d,1
220408676070,https://blog.naver.com/PostView.naver?blogId=agapeuni&logNo=220408676070&categoryNo=1123,[PRJ-02] 1998.10 ~ 1999.02 - PSTN 통신 모듈 개발,2015. 7. 3. 0:21,full-text,,9a1c70d50e6387090d7a32392ddff47122b79579068cd5cb3d4ab9d6de5e4771,1
220408708141,https://blog.naver.com/PostView.naver?blogId=agapeuni&logNo=220408708141&categoryNo=1123,[PRJ-03] 1999.03 ~ 2000.01 - PSTN 화상회의 프로그램,2015. 7. 3. 1:12,full-text,,cb6e80c3d0f4b0d9b62c1e3bca7cf9f193f73b86e649eee05b45d5f76f733093,1
220409774015,https://blog.naver.com/PostView.naver?blogId=agapeuni&logNo=220409774015&categoryNo=1123,[PRJ-04] 2000.03 ~ 2000.04 - 넷트레이드 (NetTrade21),2015. 7. 4. 2:53,full-text,,3c6033d8eed52a5085e7c43cbbe84aeebbbbf5947350a6a16dacabbbd9763597,1
220409779905,https://blog.naver.com/PostView.naver?blogId=agapeuni&logNo=220409779905&categoryNo=1123,[PRJ-05] 2000.04 ~ 2000.11 - 아펙머신 (ApecMachine),2015. 7. 4. 3:20,full-text,,c60c9f49330fed216899f7e9d2e2222397ccae95229ccc89b4fca28ffc845267,1
220409993902,https://blog.naver.com/PostView.naver?blogId=agapeuni&logNo=220409993902&categoryNo=1123,[PRJ-06] 2000.05 ~ 2000.10 - 차이나월드 (ChinaWorld),2015. 7. 4. 12:55,full-text,,c4f9e0bd21382d0e0ea24343718f8f87cf42b6d9c74e49a6f2fc232d57c9e2a4,1
220410029022,https://blog.naver.com/PostView.naver?blogId=agapeuni&logNo=220410029022&categoryNo=1123,[PRJ-07] 2000.07 ~ 2000.08 - 카프카 (Kafka),2015. 7. 4. 13:46,full-text,,b970e99c5d5dfb9275844453a1e955e1956370dc70ae08a46ece3bbce02c30b2,1
220410435958,https://blog.naver.com/PostView.naver?blogId=agapeuni&logNo=220410435958&categoryNo=1123,[PRJ-08] 2000.12 ~ 2001.02 - 오데로닷컴 (Odero.com),2015. 7. 4. 23:19,full-text,,e8eb8bbd26c63764a55880003bf5e050c6f9e2c78f50f19be74b0cd180b47936,1
220410651472,https://blog.naver.com/PostView.naver?blogId=agapeuni&logNo=220410651472&categoryNo=1123,[PRJ-09] 2000.12 ~ 2001.02 - 어촌어항 관광정보 시스템,2015. 7. 5. 10:01,full-text,,bd9e18065dd94d239adf2606fa75d5036d98cb38a83af56eaf37ae24cf5ed4ea,1
220411332178,https://blog.naver.com/PostView.naver?blogId=agapeuni&logNo=220411332178&categoryNo=1123,[PRJ-10] 2001.06 ~ 2001.09 - DVD 쇼핑몰,2015. 7. 6. 1:53,full-text,,43fcaf9d46d985c23781b00cb80ba7ecb875aaf54f91de06011ce02c37d19142,1
220411344452,https://blog.naver.com/PostView.naver?blogId=agapeuni&logNo=220411344452&categoryNo=1123,[PRJ-11] 2001.10 ~ 2001.11 - 황제양념갈비 쇼핑몰,2015. 7. 6. 2:32,full-text,,bb3f7f3c6b94544ec9300f7d36cb83a912bde120e59bf9a4c81db6087f78e24f,1
220413495245,https://blog.naver.com/PostView.naver?blogId=agapeuni&logNo=220413495245&categoryNo=1123,[PRJ-12] 2002.01 ~ 2002.12 - 한국무역협회  IT Master 3기,2015. 7. 8. 0:31,full-text,,2d70cc067b86c785fd0964fce0d249f72c50c62ff2e50a181a9077d08040767b,1
220414703123,https://blog.naver.com/PostView.naver?blogId=agapeuni&logNo=220414703123&categoryNo=1123,[PRJ-13] 2003.01 ~ 2003.04 - eCMS 6.0 지역화,2015. 7. 9. 11:50,full-text,,5be2721eb6c3bd8e0bff17cad2134be8ac0f580e30e53bee2d4a8d68bc3186d6,1
220414796450,https://blog.naver.com/PostView.naver?blogId=agapeuni&logNo=220414796450&categoryNo=1123,[PRJ-14] 2003.05 ~ 2003.11 - NTV(니혼 테레비) 디지털방송,2015. 7. 9. 12:00,full-text,,ad463ef3a6c5d2f64cac8e875f5ecc291e4333ed84486c0ffc58ce236c79b888,1
220415203288,https://blog.naver.com/PostView.naver?blogId=agapeuni&logNo=220415203288&categoryNo=1123,[PRJ-15] 2003.12 ~ 2004.01 - 성누가병원 장표시스템,2015. 7. 9. 17:50,full-text,,194db9ff89fc03a72fb92f3527c9f5bbda9b16be0385952a9edce1ec6615d671,1
220415658542,https://blog.naver.com/PostView.naver?blogId=agapeuni&logNo=220415658542&categoryNo=1123,[PRJ-16] 2004.02 ~ 2004.04 - 일본외무성 여권발급시스템,2015. 7. 10. 1:30,full-text,,7b8f2ac01cd08a67839431031e9116ab2196503985839c4eaf2caf9533194d8a,1
220415685668,https://blog.naver.com/PostView.naver?blogId=agapeuni&logNo=220415685668&categoryNo=1123,[PRJ-17] 2004.05 ~ 2004.08 - 스루가은행 고객관리시스템,2015. 7. 10. 2:43,full-text,,e5351f1476331266fecb22d7cc666e4a38c5b8dd60788528ed5390003f1a541f,1
220419578421,https://blog.naver.com/PostView.naver?blogId=agapeuni&logNo=220419578421&categoryNo=1123,[PRJ-18] 2004.12 ~ 2005.04 - My!Stream 패키지,2015. 7. 14. 11:50,full-text,,61df20a53651379723ace2783b804d639227888d89ab401f82f79b4e71925f67,1
220419962992,https://blog.naver.com/PostView.naver?blogId=agapeuni&logNo=220419962992&categoryNo=1123,[PRJ-19] 2005.05 ~ 2005.06 - My!Stream 그룹핑 및 설치툴,2015. 7. 14. 18:10,full-text,,20528f99036aead3c7ad6de472a5a689ab6220bee4725d07167949b772341821,1
220420688856,https://blog.naver.com/PostView.naver?blogId=agapeuni&logNo=220420688856&categoryNo=1123,[PRJ-20] 2005.07 ~ 2005.09 - 정치자금 기부센터,2015. 7. 15. 12:11,full-text,,9d7b5c6ecf523bca77e5a981c3d676606a75129472066448b05211b349cc55da,1
220421701560,https://blog.naver.com/PostView.naver?blogId=agapeuni&logNo=220421701560&categoryNo=1123,[PRJ-21] 2005.10 ~ 2006.02 - 5·31전국동시 지방선거 정치포탈,2015. 7. 16. 12:10,full-text,,8b3e0fc3f08114da5a0644e15dcb75b31c0654951c37e34973d163b26351d1d4,1
220425157602,https://blog.naver.com/PostView.naver?blogId=agapeuni&logNo=220425157602&categoryNo=1123,[PRJ-22] 2006.03 ~ 2006.07 - 그린조달 환경경영시스템,2015. 7. 20. 2:02,full-text,,8dded675a41c6f036c369cc61840bd4d8b41f7d966aa9cc414deb1fa6ff32942,1
220425745950,https://blog.naver.com/PostView.naver?blogId=agapeuni&logNo=220425745950&categoryNo=1123,[PRJ-23] 2006.09 ~ 2008.02 - 삼성SDI PLM 프로젝트,2015. 7. 20. 18:30,full-text,,4b77e538fc886f2027f7a14e9d29f9c8f76eeb69a0b3fcdfd6b51fb66677c122,1
220426277217,https://blog.naver.com/PostView.naver?blogId=agapeuni&logNo=220426277217&categoryNo=1123,[PRJ-24] 2008.03 ~ 2008.07 - 현대자동차 통합도면 관리시스템,2015. 7. 21. 1:54,full-text,,1a5e94b677516baa0d4dd1788edaa419f656246fc5942829aec30599b5cea797,1
220426756969,https://blog.naver.com/PostView.naver?blogId=agapeuni&logNo=220426756969&categoryNo=1123,[PRJ-25] 2008.09 ~ 2008.12 - 삼성전자 선진보건 종합시스템,2015. 7. 21. 18:10,full-text,,52df2cec080f728686cfce946dccf1165469c473e80e382cb25a4cc8f8813ad2,1
220430063603,https://blog.naver.com/PostView.naver?blogId=agapeuni&logNo=220430063603&categoryNo=1123,[PRJ-26] 2009.01 ~ 2009.05 - 삼성전자 EES 프레임워크,2015. 7. 24. 14:23,full-text,,6c11afc913c694807f1925808043d7c9942258d7fbe583e3a9fc34a4c83c54f7,1
220430137648,https://blog.naver.com/PostView.naver?blogId=agapeuni&logNo=220430137648&categoryNo=1123,[PRJ-27] 2009.06 ~ 2009.11 - 삼성SDS MES v2.0 패키지,2015. 7. 24. 15:23,full-text,,fafa4939a83330fefcf760d2ebf3c92e14247a978401a0c08137be3bf5d6f326,1
220432568140,https://blog.naver.com/PostView.naver?blogId=agapeuni&logNo=220432568140&categoryNo=1123,[PRJ-28] 2009.12 ~ 2010.04 - 삼성전자 myCoach 통합 1차,2015. 7. 27. 12:00,full-text,,e07213fbdd4dd7a31adcd7856cc44d0c74207d5933145b29d3744fa1c5975461,1
220432747430,https://blog.naver.com/PostView.naver?blogId=agapeuni&logNo=220432747430&categoryNo=1123,[PRJ-29] 2010.05 ~ 2011.01 - 삼성전자 myCoach 통합 2차,2015. 7. 27. 18:00,full-text,,c639c0223499be390e8d8e7c6fa45765e310cc8ce3a8e1b07eba086695a5f6d9,1
220433314198,https://blog.naver.com/PostView.naver?blogId=agapeuni&logNo=220433314198&categoryNo=1123,[PRJ-30] 2011.02 ~ 2011.12 - 삼성전자 스마트 TV,2015. 7. 27. 23:21,full-text,,e810b5ffa4908410d2260309e9cdb51cd8f138effeb72481bb9a6bab5b4b30bd,1
220447385100,https://blog.naver.com/PostView.naver?blogId=agapeuni&logNo=220447385100&categoryNo=1123,[PRJ-31] 2012.02 ~ 2012.10 - 삼성에버랜드 Legacy 시스템,2015. 8. 11. 12:39,full-text,,96602b2c3f03f485606465324f10e836a99d7966ccc7a041753e0d8ef257f417,1
220468986071,https://blog.naver.com/PostView.naver?blogId=agapeuni&logNo=220468986071&categoryNo=1123,사회 초년생을 위한 - 웹 프로그래머 추천 서적 로드맵,2015. 9. 2. 0:13,full-text,,e456b111711b9b7864db5afe72a1d83b36710770e5263d6e032590ff170b6f73,1
220480713093,https://blog.naver.com/PostView.naver?blogId=agapeuni&logNo=220480713093&categoryNo=1123,[PRJ-32] 2012.10 ~ 2013.01 - S전자 **** 시스템,2015. 9. 14. 9:34,full-text,,602421532c8f3c3b1f86944ec6acfd2509de12f8fd9650d603dd87328264565b,1
220480742263,https://blog.naver.com/PostView.naver?blogId=agapeuni&logNo=220480742263&categoryNo=1123,[PRJ-33] 2013.02 ~ 2013.04 - S전자 ****소 S/W 검정시스템,2015. 9. 14. 10:09,full-text,,5acdc8aa773565ae6d29deb544a13c23e0873c7d7ebfb276b9ac7c0549b6c733,1
220481176600,https://blog.naver.com/PostView.naver?blogId=agapeuni&logNo=220481176600&categoryNo=1123,[PRJ-34] 2013.06 ~ 2014.01 - 현대기아자동차 **관리시스템,2015. 9. 14. 16:54,full-text,,442291d1d4dac5a674c4e540fce8e90ed6e863a89318cb8aee0f69de8cc95202,1
220525009717,https://blog.naver.com/PostView.naver?blogId=agapeuni&logNo=220525009717&categoryNo=1123,[PRJ-35] 2014.02 ~ 2014.07 - 삼성전자 오픈소스 관리사이트,2015. 10. 31. 15:20,full-text,,17101fa0980f0707ea10f8a10ac03b2d961195f9bfe5fc86c5e8510f88b6df00,1
220565916614,https://blog.naver.com/PostView.naver?blogId=agapeuni&logNo=220565916614&categoryNo=1123,[PRJ-36] 2014.08 ~ 2014.12 - 삼성전자 오픈소스 크롤러,2015. 12. 11. 23:47,full-text,,f84c87284531f1a0af9b5c57793e59cdfdd112efa16454322724e38d2bf2697c,1
220570373677,https://blog.naver.com/PostView.naver?blogId=agapeuni&logNo=220570373677&categoryNo=1123,Linux Master - 국가공인 리눅스마스터 시험정보 및 시험일정,2015. 12. 16. 19:35,full-text,,c64ac8617524f44fbdba899155d5a9d6f634ca115c2d01be31fddb83fbe0742e,1
220570451690,https://blog.naver.com/PostView.naver?blogId=agapeuni&logNo=220570451690&categoryNo=1123,Network Manager - 국가공인 네트워크관리사 시험일정 및 도전,2015. 12. 16. 21:09,full-text,,5f799e7f111abb460b03a459b95232ae4875c43800e034b4007a415a7aa46c3d,1
220593644149,https://blog.naver.com/PostView.naver?blogId=agapeuni&logNo=220593644149&categoryNo=1123,Skill Inventory - 프로젝트 보유기술 현황 (2016년 1월 기준),2016. 1. 11. 3:26,full-text,,4d55c016a1e7aeeb7be470ce21cbf64391bdbb9f0ee27858053cb0ef4cc7e4ad,1
220617859207,https://blog.naver.com/PostView.naver?blogId=agapeuni&logNo=220617859207&categoryNo=1123,Network Manager - 2016년 국가공인 네트워크관리사 필기합격,2016. 2. 4. 1:30,full-text,,59c546d271ecb68e7adf6d1cd6d4ada5c1bdc5aebb02d22787d6fd3a17c142a8,1
220627665301,https://blog.naver.com/PostView.naver?blogId=agapeuni&logNo=220627665301&categoryNo=1123,정보보안기사 - 정보보안 국가기술자격검정 시행계획,2016. 2. 15. 16:04,full-text,,a1ea69a90f9578c2bded738b84be7a01fb99152708dd8ee54d6c9599af4dc9c2,1
220694935469,https://blog.naver.com/PostView.naver?blogId=agapeuni&logNo=220694935469&categoryNo=1123,Good vs Bad - 좋은 프로그래머와 나쁜 프로그래머의 차이,2016. 4. 27. 16:45,full-text,,fecb5def05684ab749885ebfb674ab34f80abb5675b3cb271a222f918697666c,1
220976676837,https://blog.naver.com/PostView.naver?blogId=agapeuni&logNo=220976676837&categoryNo=1123,[PRJ-37] 2015.01 ~ 2015.07 - 삼성전자 정보보안 관리시스템,2017. 4. 6. 14:40,full-text,,25e86e8e6aa6ea9a1061b24c1143bf52672a5acd27f3448aff0ae70a02a78df7,1
220976853246,https://blog.naver.com/PostView.naver?blogId=agapeuni&logNo=220976853246&categoryNo=1123,[PRJ-38] 2015.08 ~ 2016.07 - 삼성SDI ERP Legacy,2017. 4. 6. 17:41,full-text,,7a3b119becba1f7fca3c1e6feebfe2bfad9d2d2fe62d643a9dae6d8d3f40bea3,1
220976894638,https://blog.naver.com/PostView.naver?blogId=agapeuni&logNo=220976894638&categoryNo=1123,[PRJ-39] 2016.08 ~ 2017.01 - 삼성전자 DS PLM,2017. 4. 6. 18:30,full-text,,8e4a14aee2b05b4b12a614a8239a7ff167871dcda0b9a15daacf93edd4a33b34,1
221062234976,https://blog.naver.com/PostView.naver?blogId=agapeuni&logNo=221062234976&categoryNo=1123,Man Month - 맨먼스(MM) 산정하는 방법,2017. 7. 29. 4:43,full-text,,a447b44485839ddc3d649fe9eab780610449aaa23db52c031dfb1e23fbe3d966,1
221063015997,https://blog.naver.com/PostView.naver?blogId=agapeuni&logNo=221063015997&categoryNo=1123,ERwin - Logical 한글컬럼명을 Comment로 생성,2017. 7. 30. 16:13,full-text,,8a4f78886ef0671cd2d9d01957c23d648b13cce0d184934e51e798fdb55d2269,1
221063016647,https://blog.naver.com/PostView.naver?blogId=agapeuni&logNo=221063016647&categoryNo=1123,ERwin - 테이블 스크립트 컬럼 순서에 맞게 생성하기,2017. 7. 30. 16:15,full-text,,bb9a6ce216e3d9c9711b745a38692abfb6872b517eddb1677adb095c6de2cb37,1
221063017354,https://blog.naver.com/PostView.naver?blogId=agapeuni&logNo=221063017354&categoryNo=1123,ERwin - Logical/Physical 컬럼 순서 동기화,2017. 7. 30. 16:16,full-text,,be1c77cf249739e00502612d88895cd1aa670f5895b6e2b6d88ae315edbe756d,1
221149111385,https://blog.naver.com/PostView.naver?blogId=agapeuni&logNo=221149111385&categoryNo=1123,[PRJ-40] 2017.05 ~ 2017.10 - 삼성전자 G-EMS,2017. 11. 26. 22:46,full-text,,5a15ca7ff6e1c6a40d02847fb7bf4d75597e55d0cc5ac9a9af8dc4c3914985b9,1
221158063331,https://blog.naver.com/PostView.naver?blogId=agapeuni&logNo=221158063331&categoryNo=1123,[PRJ-41] 2017.11 ~ 2018.07 - 현대모비스 PLM 1단계,2017. 12. 8. 0:19,full-text,,27c2e8a4ed4c1e8f02585bceae74789e975b6cdfa4e6b3d93dd885fba02b0fdd,1
221229133840,https://blog.naver.com/PostView.naver?blogId=agapeuni&logNo=221229133840&categoryNo=1123,Skill Inventory - 프로젝트 보유기술 현황 (2018년 3월 기준),2018. 3. 15. 1:23,full-text,,2cbdacc07aa8ec1e8a219918cb647d0a993dd9aea23b438cb8501e47c9e3643e,1
221236321010,https://blog.naver.com/PostView.naver?blogId=agapeuni&logNo=221236321010&categoryNo=1123,"Activity, Task - 단계별 액티비티와 산출물 정리",2018. 3. 24. 15:35,full-text,,f9d385d0fb6efb7651a6163390ab9253f0c0e75230b98375e4fa90ae84923877,1
221337136956,https://blog.naver.com/PostView.naver?blogId=agapeuni&logNo=221337136956&categoryNo=1123,현대모비스 - 노무사도 인정하는 '악 덕 기 업',2018. 8. 11. 23:44,full-text,,c5dc7e3a33d25023cf400108f79b2537f7b6669beeabeee31b450bb55aa28e9e,1
221446829741,https://blog.naver.com/PostView.naver?blogId=agapeuni&logNo=221446829741&categoryNo=1123,[PRJ-42] 2018.08 ~ 2019.01 - 삼성전자 G-EMS **S 확산,2019. 1. 20. 22:37,full-text,,728a039395c500126fe887c6cd0da9d76e36aaa0fbffd75365d7604016164316,1
221480860056,https://blog.naver.com/PostView.naver?blogId=agapeuni&logNo=221480860056&categoryNo=1123,[PRJ-43] 2019.02 ~ 2019.06 - 드림텍 PLM 1단계 구축,2019. 3. 5. 16:53,full-text,,db08595af4a82a6914dc4ede73d4aae05ccbef236fb1464ee4a89afe2527d02c,1
221563968182,https://blog.naver.com/PostView.naver?blogId=agapeuni&logNo=221563968182&categoryNo=1123,Smart Factory - 스마트 공장에 대해 알아보자,2019. 6. 17. 13:29,full-text,,c38d6f876ea882ba4e8904fab9ee40b87c7768528a3e92ad7e8bcf1f8b5a02b9,1
221570848290,https://blog.naver.com/PostView.naver?blogId=agapeuni&logNo=221570848290&categoryNo=1123,데이터 모델링 - 선릉 멀티캠퍼스에서 데이터 모델링 강좌 수강,2019. 6. 26. 2:52,full-text,,6b0f47ed45a95e7c2866661ba886456ed9dbfcd707129def164f752feac7420a,1
221574278921,https://blog.naver.com/PostView.naver?blogId=agapeuni&logNo=221574278921&categoryNo=1123,eXERD - 제품-주문 논리/물리 ERD를 생성해 보자,2019. 6. 30. 17:03,full-text,,0812f9b18eca347a94567bb7b5d3ad6081ea0ced4abea300510e9a6d102d93be,1
221585884134,https://blog.naver.com/PostView.naver?blogId=agapeuni&logNo=221585884134&categoryNo=1123,Softomotive - WinAutomation Diploma 합격,2019. 7. 15. 10:06,full-text,,37a22cc1f6b35bc03f01b02756225498074b99c222f086b370a2e721ccf21add,1
221662045947,https://blog.naver.com/PostView.naver?blogId=agapeuni&logNo=221662045947&categoryNo=1123,개인 의견 - 프로젝트를 수행하는 데 필요하다고 생각하는 것들,2019. 9. 28. 16:24,full-text,,5647c0257f87e452c820cfb8c7f28f4d27164cd7e31a436532b81e09b4a0060e,1
221695596903,https://blog.naver.com/PostView.naver?blogId=agapeuni&logNo=221695596903&categoryNo=1123,[PRJ-44] 2019.07 ~ 2019.10 - CJ 올리브영 RPA 구축,2019. 11. 2. 4:12,full-text,,d5ecb60b87c3042857723fb323bb67963f0c836dc5727515effd11b2c31aced2,1
221750737111,https://blog.naver.com/PostView.naver?blogId=agapeuni&logNo=221750737111&categoryNo=1123,Expert - 프로그래밍 전문가가 되기 위한 방법 제목없음,2019. 12. 27. 6:07,full-text,,e5f5c5506254e9194abc9979a2eac6bd324f117f13fd4f495a422d2f3766bae8,1
221755826795,https://blog.naver.com/PostView.naver?blogId=agapeuni&logNo=221755826795&categoryNo=1123,[PRJ-45] 2019.11 ~ 2020.05 - 양재 KOTRA Smart CRM,2019. 12. 31. 23:52,full-text,,b931a91f4b5e45929c63a3fcbd6b3533da896439b6e32125a10c42730f314588,1
221758575926,https://blog.naver.com/PostView.naver?blogId=agapeuni&logNo=221758575926&categoryNo=1123,"2015년 적용 - 소프트웨어 기술자 평균임금 (일,월,시)",2020. 1. 3. 14:38,full-text,,e622c44cf4788296903aaa7fe3c865ac0174d10a011fed49e47083067b1a4ee9,1
221758578516,https://blog.naver.com/PostView.naver?blogId=agapeuni&logNo=221758578516&categoryNo=1123,"2016년 적용 - 소프트웨어 기술자 평균임금 (일,월,시)",2020. 1. 3. 14:40,full-text,,a13126c8068e61dd9371d3877245355305795093e82d4c7ab9b4731e407832a6,1
221758582428,https://blog.naver.com/PostView.naver?blogId=agapeuni&logNo=221758582428&categoryNo=1123,"2017년 적용 - 소프트웨어 기술자 평균임금 (일,월,시)",2020. 1. 3. 14:44,full-text,,b6ed7ac619607665f387c75fffbe8e1f954dc0e7d357cc104b0359e535b284f4,1
221758587188,https://blog.naver.com/PostView.naver?blogId=agapeuni&logNo=221758587188&categoryNo=1123,"2018년 적용 - 소프트웨어 기술자 평균임금, IT직무별",2020. 1. 3. 14:48,full-text,,2a6b9c19918b1a3e944539009468e23ea7d05b48fe2519480450f8ca04923259,1
221758589067,https://blog.naver.com/PostView.naver?blogId=agapeuni&logNo=221758589067&categoryNo=1123,"2020년 적용 - 소프트웨어 기술자 평균임금, IT직무별",2020. 1. 3. 14:50,full-text,,ca5b7481b0f4cdb7cc2d1b2bdc631d4e6ba2ec4ad8f7b844cf9da81cb4174d2b,1
221759219432,https://blog.naver.com/PostView.naver?blogId=agapeuni&logNo=221759219432&categoryNo=1123,Java 프로젝트 구함 - Java 프로그래머의 구직광고 (단위:만 원) 🤣,2020. 1. 4. 2:57,full-text,,e7057a40ea7cc4cdbbfb404e07a9c156f32ef2a8fb0e7bfed033ba6ec489b277,1
221800890564,https://blog.naver.com/PostView.naver?blogId=agapeuni&logNo=221800890564&categoryNo=1123,Front-End 기술 - Front-End 기술은 다양하며 너무 빨리 변한다,2020. 2. 8. 12:28,full-text,,d3ca28f09c96c852257e9552891c5b37e188fe0d4ba456e6db26db70761fa497,1
222058922427,https://blog.naver.com/PostView.naver?blogId=agapeuni&logNo=222058922427&categoryNo=1123,[PRJ-46] 2020.06 ~ 2020.07 - 삼성전자 E**MS,2020. 8. 12. 22:37,full-text,,280a24e215c5c156ff4d967aebcb817c483dd55f08541c387cc084739c3ea280,1
222237009601,https://blog.naver.com/PostView.naver?blogId=agapeuni&logNo=222237009601&categoryNo=1123,코드 분석 능력 - 다른 사람이 작성한 코드를 분석하는 능력,2021. 2. 8. 22:31,full-text,,6a1b9b2f6ffa7ecfad94947ca91dec87f473dee48aabe5b6ee89030ae423256b,1
222586352438,https://blog.naver.com/PostView.naver?blogId=agapeuni&logNo=222586352438&categoryNo=1123,대체 불가능한 토큰 - NFT에 관해 간단히 알아보자,2021. 12. 4. 2:01,full-text,,40e0a9f3c11ac0f0085c55111a296daa4335fd6aac874f86c3d00971c4ecd6b9,1
222639640705,https://blog.naver.com/PostView.naver?blogId=agapeuni&logNo=222639640705&categoryNo=1123,[PRJ-47] 2020.08 ~ 2022.07 - 삼성전자 DS Python SDK,2022. 2. 5. 17:12,full-text,,236ba755a08574a1b262c3231abe31633272ba59007fba2a0206d8a515ce16f5,1
222667130536,https://blog.naver.com/PostView.naver?blogId=agapeuni&logNo=222667130536&categoryNo=1123,제4차 산업혁명 - 스마트 공장이 바꾸는 제조업의 미래,2022. 3. 8. 15:46,full-text,,897902bdcd02faa35b6d6e8e17c1c74b783cbf3bb0fc493df980e939bd19cc27,1
222824773802,https://blog.naver.com/PostView.naver?blogId=agapeuni&logNo=222824773802&categoryNo=1123,코드 작성 방법 - 보다 좋은 코드를 작성하기 위한 준비와 방법,2022. 7. 22. 21:53,full-text,,123c46dd767c7c91f9c5178899c3bb15b8ce6b8054aa19fadb84c52b5ff5a3c4,1
222893824438,https://blog.naver.com/PostView.naver?blogId=agapeuni&logNo=222893824438&categoryNo=1123,ADsP - 제35회 데이터분석 준전문가 접수신청,2022. 10. 7. 0:52,full-text,,0af50b7f2f02041bbe703a74baf257376e20b5238bdcb870985f8459c92d28f8,1
222904095409,https://blog.naver.com/PostView.naver?blogId=agapeuni&logNo=222904095409&categoryNo=1123,1과목 1장 - 국가공인 데이터분석 준전문가 학습정리,2022. 10. 19. 1:00,full-text,,ed6b01d7d5c5f162cefb8be78b52189d928fae683bc7643d6fc285307a5d2176,1
222904109943,https://blog.naver.com/PostView.naver?blogId=agapeuni&logNo=222904109943&categoryNo=1123,1과목 2장 - 국가공인 데이터분석 준전문가 학습정리,2022. 10. 19. 1:38,full-text,,571c531c8852ce4f5a4926983218ca6546b20628f196fbb57f95fb37f386d8ef,1
222904118489,https://blog.naver.com/PostView.naver?blogId=agapeuni&logNo=222904118489&categoryNo=1123,1과목 3장 - 국가공인 데이터분석 준전문가 학습정리,2022. 10. 19. 2:04,full-text,,803dbff8aed2821cd886eb01662e52d25c24ffa7a10b95347eca88e70d47ec8a,1
222904142496,https://blog.naver.com/PostView.naver?blogId=agapeuni&logNo=222904142496&categoryNo=1123,2과목 1장 - 국가공인 데이터분석 준전문가 학습정리,2022. 10. 19. 4:09,full-text,,d3d9777b7526cc408d1953dc5c57c3fb8a0854b7d4a7069decfd0c6a2d23169a,1
222904973678,https://blog.naver.com/PostView.naver?blogId=agapeuni&logNo=222904973678&categoryNo=1123,2과목 2장 - 국가공인 데이터분석 준전문가 학습정리,2022. 10. 20. 0:07,full-text,,7baf47725ff8e3b205c897240ed8c70b9baeb29aa98ca5b097234c0369a0b2ad,1
222905047064,https://blog.naver.com/PostView.naver?blogId=agapeuni&logNo=222905047064&categoryNo=1123,3과목 1장 - 국가공인 데이터분석 준전문가 학습정리,2022. 10. 20. 1:40,full-text,,2dfece3f7e34129d69d3a184adde8dc9a1a006fa81f1b7698e4a67e06cce1194,1
222905094587,https://blog.naver.com/PostView.naver?blogId=agapeuni&logNo=222905094587&categoryNo=1123,3과목 2장 - 국가공인 데이터분석 준전문가 학습정리,2022. 10. 20. 5:15,full-text,,32d2ac6d8140a589855f4e6d709dbae50ecc2f9921898d273640194421c38942,1
222906101197,https://blog.naver.com/PostView.naver?blogId=agapeuni&logNo=222906101197&categoryNo=1123,3과목 3장 - 국가공인 데이터분석 준전문가 학습정리,2022. 10. 21. 8:43,full-text,,8ec527e5dcb014425f1d6b4f6559573ec795723ee04aa87e3efd0c005c158d7b,1
222907373173,https://blog.naver.com/PostView.naver?blogId=agapeuni&logNo=222907373173&categoryNo=1123,3과목 4장 1절 - 국가공인 데이터분석 준전문가 학습정리,2022. 10. 22. 20:25,full-text,,3c8cd9b6d4c0f47aef5e4191b84e16a83460c34bd5c04dc4aab7f45c1a19c398,1
222911747467,https://blog.naver.com/PostView.naver?blogId=agapeuni&logNo=222911747467&categoryNo=1123,3과목 4장 2절 - 국가공인 데이터분석 준전문가 학습정리,2022. 10. 27. 2:40,full-text,,abd75812262fc2790e14b848d17bc9c727acc75a286bf9f15d47554889adce39,1
222916093761,https://blog.naver.com/PostView.naver?blogId=agapeuni&logNo=222916093761&categoryNo=1123,ADsP - 제35회 데이터분석 준전문가 시험 응시,2022. 10. 31. 22:34,full-text,,e6948cc1825c16b2e869c870764d36bc5926719a55c2cf0c879b6fd88d1890d4,1
222939350582,https://blog.naver.com/PostView.naver?blogId=agapeuni&logNo=222939350582&categoryNo=1123,ADsP - 데이터분석 준전문가 합격 : 총점 64점,2022. 11. 27. 15:09,full-text,,763e28198c365eea1bbb8a81cbf7c36e6b5efc0d4154db8a4a1d051c13c97f4a,1
222939464511,https://blog.naver.com/PostView.naver?blogId=agapeuni&logNo=222939464511&categoryNo=1123,빅데이터 분석기사 - 필기·실기 교재 추천과 시험 일정 안내,2022. 11. 27. 17:55,full-text,,8547422e283f8a49ec2249679d03b9f8e69575003131f7769ec2cd91f375c279,1
222940941464,https://blog.naver.com/PostView.naver?blogId=agapeuni&logNo=222940941464&categoryNo=1123,"Certification - 국가기술, 국가공인, 민간자격의 차이점",2022. 11. 29. 5:15,full-text,,d5afa7e399d6d9da99040eeb205391ac364047aaaccb0f2a72ec34ccc5e0c6aa,1
222945089280,https://blog.naver.com/PostView.naver?blogId=agapeuni&logNo=222945089280&categoryNo=1123,[PRJ-48] 2022.08 ~ 2022.12 - 삼성전자 Q&A 플랫폼,2022. 12. 3. 20:47,full-text,,b2ec82f03b4fbbfca776398b2570004c7d5b83e31971a6a2ce9d65945b3311ad,1
222954980579,https://blog.naver.com/PostView.naver?blogId=agapeuni&logNo=222954980579&categoryNo=1123,Boiler Plate - 보일러 플레이트 코드란 무엇인가?,2022. 12. 13. 23:48,full-text,,d5e85f5c96c480feef6def81e178d3b75b8ad0d83351f154ad4959c4d60296c5,1
222962303958,https://blog.naver.com/PostView.naver?blogId=agapeuni&logNo=222962303958&categoryNo=1123,"경력보다 역량 - 소프트웨어기술자 직무체계, 직무정의",2022. 12. 22. 1:55,full-text,,e84320f88d5607d19c69267b8f3aebf13a1cb2b4b18f9fa26817431d22e113e8,1
222975190232,https://blog.naver.com/PostView.naver?blogId=agapeuni&logNo=222975190232&categoryNo=1123,명명규칙 - 신규 프로젝트 진행할 때 한번 확인해 본다,2023. 1. 4. 23:09,full-text,,d138d25791faa5f0ae34b261184cf140bd7f99eee530ea649f5231f88f97d51d,1
222975289239,https://blog.naver.com/PostView.naver?blogId=agapeuni&logNo=222975289239&categoryNo=1123,"금융권 시스템 - 기간계, 계정계, 정보계, 운영계, 대외계",2023. 1. 5. 1:40,full-text,,e725fd0cd3f87a88347cecef2cbb368b1365de13182971242b17c3e3e0b49247,1
223004824641,https://blog.naver.com/PostView.naver?blogId=agapeuni&logNo=223004824641&categoryNo=1123,"2021년 적용 - 소프트웨어 기술자 평균임금, IT 직무별",2023. 2. 4. 10:29,full-text,,ddcc95e7e301bbdbe427cb669ec66947c59d08bcc01d0e0b019ee4d82515407d,1
223004831869,https://blog.naver.com/PostView.naver?blogId=agapeuni&logNo=223004831869&categoryNo=1123,"2022년 적용 - 소프트웨어 기술자 평균임금, IT 직무별",2023. 2. 4. 10:41,full-text,,ff465b526f46682b365e1369d4e2eb78166cf91dc7e460f937d301b278fb498b,1
223004837724,https://blog.naver.com/PostView.naver?blogId=agapeuni&logNo=223004837724&categoryNo=1123,"2023년 적용 - 소프트웨어 기술자 평균임금, IT 직무별",2023. 2. 4. 10:50,full-text,,3f5e6a04ccf08084c255547f57ed767a34f23962ef5ca4696fae6227080970b6,1
223062993675,https://blog.naver.com/PostView.naver?blogId=agapeuni&logNo=223062993675&categoryNo=1123,Requirements - 요구사항 정의(Requirements Definition)란?,2023. 4. 3. 4:24,full-text,,67d93de89bee9ed2f997bfb3c7ede0a364e42d17229681dd47ef0db53d8f720c,1
223076639943,https://blog.naver.com/PostView.naver?blogId=agapeuni&logNo=223076639943&categoryNo=1123,MEAN 스택 - 칸반을 구현 (Kanban),2023. 4. 17. 3:54,full-text,,c3ea828c6c4e0976dd1f1662e508a742ceef7fdd60c37d3af125a843813c85ef,1
223076831401,https://blog.naver.com/PostView.naver?blogId=agapeuni&logNo=223076831401&categoryNo=1123,Python Flask - 칸반을 구현 (Kanban),2023. 4. 17. 10:00,full-text,,e567996ee52d5dd06cea1ef62a10dbd42fb2f2eab3c361bf106b662733982f5b,1
223076834266,https://blog.naver.com/PostView.naver?blogId=agapeuni&logNo=223076834266&categoryNo=1123,관리 항목 정리 - 프로젝트 관리 항목과 재미있는 카툰🤣,2023. 4. 17. 10:03,full-text,,3aadecfec2dcfe875a13e050e912971703daa2be7bb19c7e139e65a0a9bfe539,1
223077376798,https://blog.naver.com/PostView.naver?blogId=agapeuni&logNo=223077376798&categoryNo=1123,Project Manager - 프로젝트 관리자에게 필요한 기술과 능력,2023. 4. 17. 18:14,full-text,,1cd1e2b693d0ed01f4db218bd551f43012c8542d3a8e0194d00ea48d9ff7a972,1
223077391335,https://blog.naver.com/PostView.naver?blogId=agapeuni&logNo=223077391335&categoryNo=1123,Project Manager - 프로젝트를 완료하기 위해 필요한 능력,2023. 4. 17. 18:29,full-text,,aa490511fdc6df05f9a69ff57033e56b1643f20d17eff3469079b7a03ceb11f2,1
223077777324,https://blog.naver.com/PostView.naver?blogId=agapeuni&logNo=223077777324&categoryNo=1123,데브옵스 툴체인 - 개발과 운영의 경계를 허물다,2023. 4. 18. 2:51,full-text,,ce5f4f82794c5e31bc23b87014ebeb4ba16cb70f9682e6df4a033e3526515871,1
223080047557,https://blog.naver.com/PostView.naver?blogId=agapeuni&logNo=223080047557&categoryNo=1123,소프트웨어 아키텍처 - 많이 사용하는 SW 아키텍처 패턴 5가지,2023. 4. 20. 11:30,full-text,,00044483ebb07f8628b3d23c0ce88aac67fe05e68faa51cec3452a9a08ee5b43,1
223080069161,https://blog.naver.com/PostView.naver?blogId=agapeuni&logNo=223080069161&categoryNo=1123,Layer Pattern - 가장 일반적인 아키텍처 패턴,2023. 4. 20. 11:52,full-text,,76430d227e0955f16fbfdbc71c86c8b657bcd87b98e2c63e6c5af428313522d8,1
223085011214,https://blog.naver.com/PostView.naver?blogId=agapeuni&logNo=223085011214&categoryNo=1123,RFP - 입찰 성공을 부르는 제안서 전략과 표준 RFP 단계,2023. 4. 25. 21:41,full-text,,73a07bc62704db156353c26a9a564f8558b8c2297a33a2e2449cee28663693a8,1
223085034416,https://blog.naver.com/PostView.naver?blogId=agapeuni&logNo=223085034416&categoryNo=1123,분석과 설계 - 분석(Analysis)과 설계(Design),2023. 4. 25. 22:08,full-text,,767947e6871a6ca00aa3eda7cdb1b62fdbb316cf70dd112c32f29ff4a31ac615,1
223085185111,https://blog.naver.com/PostView.naver?blogId=agapeuni&logNo=223085185111&categoryNo=1123,"분석과 설계 - 시스템 분석과 설계, 이렇게 하면 좋다",2023. 4. 26. 1:39,full-text,,9f27c0f141ced8c613ce12eac5c3592c05ac1bf9d33d0976bf9de517697d38f4,1
223086293340,https://blog.naver.com/PostView.naver?blogId=agapeuni&logNo=223086293340&categoryNo=1123,마이크로서비스 - 마이크로서비스 아키텍처 (MSA),2023. 4. 27. 4:29,full-text,,08fde47d192c7f8add02c57830ca86f8a74ba4d8e6f23a81074048187a64e317,1
223088086420,https://blog.naver.com/PostView.naver?blogId=agapeuni&logNo=223088086420&categoryNo=1123,Gang of Four - Java API에 구현된 GoF 패턴,2023. 4. 28. 21:36,full-text,,495ab34e2289ed671768502ca89af3ae05c8de37dd9e8a976f577fcfce762ca2,1
223088098554,https://blog.naver.com/PostView.naver?blogId=agapeuni&logNo=223088098554&categoryNo=1123,"Gang of Four - GoF 패턴을 생성, 구조, 행동으로 분류",2023. 4. 28. 21:54,full-text,,9cf1736c7bf6a95ae5e6d81a7173c115e5252b4b4948cda3f617b0c5a47afea9,1
223093960347,https://blog.naver.com/PostView.naver?blogId=agapeuni&logNo=223093960347&categoryNo=1123,폭포수(Waterfall) - 개발 방법론은 어떻게 타협해야 할까?,2023. 5. 5. 7:22,full-text,,1e4cde7b4a07a3e189a40a244ff12dc849b082527d18e04e8902c558f36c8bde,1
223094346999,https://blog.naver.com/PostView.naver?blogId=agapeuni&logNo=223094346999&categoryNo=1123,칸반(Kanban) - 칸반 보드 하나로 일 잘하는 팀 만들기,2023. 5. 5. 19:22,full-text,,e170530d63d91ae40a78691394ceff16cc043f937cbe1e954ef4eaf27b17b220,1
223094388939,https://blog.naver.com/PostView.naver?blogId=agapeuni&logNo=223094388939&categoryNo=1123,"스크럼(Scrum) - 애자일 실천, 작게 나누고 빠르게 실행하라",2023. 5. 5. 20:34,full-text,,1bbae4263680e544778ec0fd8317466ae663f86e68300c05db0201b14eecf29f,1
223094550995,https://blog.naver.com/PostView.naver?blogId=agapeuni&logNo=223094550995&categoryNo=1123,SW 공학도구 - 프로젝트 성공을 위한 소프트웨어 개발 환경,2023. 5. 6. 0:24,full-text,,8a19a78166cc404b87dcb5824fb5610295a36e98e52483a82959815e8246e556,1
223094807429,https://blog.naver.com/PostView.naver?blogId=agapeuni&logNo=223094807429&categoryNo=1123,"데이터 모델링 세 가지 주요 개념 - 엔티티 타입, 속성, 관계",2023. 5. 6. 12:55,full-text,,39fe9e6400407d58c9fa0e56232a668bf6a5e39af843e37be43dc8f4c7f46d26,1
223095682234,https://blog.naver.com/PostView.naver?blogId=agapeuni&logNo=223095682234&categoryNo=1123,데이터베이스 명명 규칙 - Naming Conventions,2023. 5. 7. 19:54,full-text,,3d1afe7af7a976b40ea6015a095bd03c0642069c843379dfa34be05a3a379467,1
223095747059,https://blog.naver.com/PostView.naver?blogId=agapeuni&logNo=223095747059&categoryNo=1123,ERwin - 데이터 모델러로 프로젝트 업무수행,2023. 5. 7. 21:28,full-text,,5b33b49597f410d392b374019d8d1a90f9792cc29e062d5ff5843473b4e00d9d,1
223095884749,https://blog.naver.com/PostView.naver?blogId=agapeuni&logNo=223095884749&categoryNo=1123,마이크로서비스 - 마이크로서비스의 아키텍처 설계,2023. 5. 8. 0:08,full-text,,1899efaa3c7cc270a818b267290e956eac616471cbd56673992eeb07b9fecd72,1
223095937457,https://blog.naver.com/PostView.naver?blogId=agapeuni&logNo=223095937457&categoryNo=1123,프로젝트 경력 - 매년 평균 2개씩 약 50개 과제 수행,2023. 5. 8. 1:43,full-text,,8e2d2408271b80b6d965dab9cd5987919f828942423f256ae43e83710ea48ac5,1
223096942724,https://blog.naver.com/PostView.naver?blogId=agapeuni&logNo=223096942724&categoryNo=1123,"SW 공학도구 40선 – 난이도, 라이선스 분류별 정리표",2023. 5. 9. 10:00,full-text,,409c81ca030b469c33613d1d94312324d7b03cf757c9ff1bd6a798927cc278bc,1
223099240212,https://blog.naver.com/PostView.naver?blogId=agapeuni&logNo=223099240212&categoryNo=1123,"스크럼 프로세스 - 애자일 실천, 팀워크와 생산성의 새로운 표준",2023. 5. 11. 13:52,full-text,,2788d2920389de5019981a9e7c7ab55a00963b4c7dfef38544f4084776c2bac0,1
223099247893,https://blog.naver.com/PostView.naver?blogId=agapeuni&logNo=223099247893&categoryNo=1123,"애자일(Agile) - 짧고 민첩하게, 애자일이 만들어낸 혁신",2023. 5. 11. 14:00,full-text,,c6ec73a27c21356d792c7bc6663f7dae4611e20657094db24eeeacc0865c384d,1
223103130398,https://blog.naver.com/PostView.naver?blogId=agapeuni&logNo=223103130398&categoryNo=1123,RUP란 무엇인가 - UML 기반 개발 방법론의 구조와 원리,2023. 5. 16. 1:31,full-text,,4a21cdb7c1bd56a66be542827349901930b5a46da7866c8a13cb184a512637e8,1
223104178122,https://blog.naver.com/PostView.naver?blogId=agapeuni&logNo=223104178122&categoryNo=1123,XP란 무엇인가 - 빠르고 유연한 개발을 위한 실천법,2023. 5. 17. 3:27,full-text,,cb6696150da8d5ca83a0e8b713beabd69409638f3f03be97e5d4c10b13b5e4f1,1
223104185116,https://blog.naver.com/PostView.naver?blogId=agapeuni&logNo=223104185116&categoryNo=1123,CBD란 무엇인가 - 컴포넌트로 만드는 효율적인 소프트웨어 개발,2023. 5. 17. 3:51,full-text,,94e98e16ad725835320405cffcafa9364584c42d45604ce09f31967a753fa948,1
223105147050,https://blog.naver.com/PostView.naver?blogId=agapeuni&logNo=223105147050&categoryNo=1123,구조적 방법론 - 체계적으로 분석·설계하는 하향식 개발 방식,2023. 5. 18. 5:41,full-text,,52316270d694d78fe5ce37c01325f6cb7ddefcad483b8823820e131b2959cac7,1
223105148180,https://blog.naver.com/PostView.naver?blogId=agapeuni&logNo=223105148180&categoryNo=1123,객체지향 방법론 - 함수보다 객체! 객체로 세상을 설명하다,2023. 5. 18. 7:50,full-text,,339f891d1176a370d8e793d0200e307c0379cf8d4595d82b2b6f32902cf40361,1
223107107216,https://blog.naver.com/PostView.naver?blogId=agapeuni&logNo=223107107216&categoryNo=1123,정보공학 방법론 - 기업 정보시스템 개발을 위한 선택,2023. 5. 20. 14:09,full-text,,50892268206f938187319c7817385798f49dbd47a96e9265137e5b1f9c2883e2,1
223107118155,https://blog.naver.com/PostView.naver?blogId=agapeuni&logNo=223107118155&categoryNo=1123,SW개발 방법론 - 개발생산성과 품질을 높이는 체계,2023. 5. 20. 14:30,full-text,,6606c51e574ca43477bc436885dee7cbc8cadaee5b53a9912e65b35e691c210a,1
223119617505,https://blog.naver.com/PostView.naver?blogId=agapeuni&logNo=223119617505&categoryNo=1123,AZ-900 - Microsoft Azure Fundamentals 소개,2023. 6. 4. 0:23,full-text,,8334cc6228c56b9b8170ac75818468097ad553f9347675443b1384509024b82f,1
223125520892,https://blog.naver.com/PostView.naver?blogId=agapeuni&logNo=223125520892&categoryNo=1123,"SW 공학이란? - SW 공학 정의부터 목적, 필요성까지 정리",2023. 6. 11. 0:02,full-text,,f520da6d35a03b44051cdd7bac1c49354855020cc013eafdd83eae2dfbe7bd1d,1
223126291082,https://blog.naver.com/PostView.naver?blogId=agapeuni&logNo=223126291082&categoryNo=1123,[소프트웨어 공학] SW 공학 주요영역 - 개발 부문과 관리 부문,2023. 6. 12. 2:24,full-text,,961dd934a3aed46dd8cc956eb6666a262952be8321d213ae564e012ba123e7dc,1
223127082542,https://blog.naver.com/PostView.naver?blogId=agapeuni&logNo=223127082542&categoryNo=1123,요구사항 정의 - 소프트웨어 요구사항 문서(SRS) 작성법 정리,2023. 6. 12. 21:35,full-text,,215de3cf781dca4a8ea05c7816153c0993c24bd1573be464cf8311a0d0930c42,1
223127150977,https://blog.naver.com/PostView.naver?blogId=agapeuni&logNo=223127150977&categoryNo=1123,"SW 분석 & 설계 - SW 개발의 핵심, 분석과 설계",2023. 6. 12. 22:54,full-text,,4c58e7860dedec5cfc26f9ac8edf66bf9dfa70a6888f8362adf771f7cc2a06a4,1
223127257358,https://blog.naver.com/PostView.naver?blogId=agapeuni&logNo=223127257358&categoryNo=1123,SW 구현 - 개발의 핵심 단계 원칙과 전략 정리,2023. 6. 13. 1:25,full-text,,67867b1ffabb9c3ee6dd706ec1d42de453da26fe9166af9096bb41a294050f17,1
223127692347,https://blog.naver.com/PostView.naver?blogId=agapeuni&logNo=223127692347&categoryNo=1123,"SW 테스트 - SW 품질을 높이는 단계, 실전 전략",2023. 6. 13. 14:45,full-text,,63eefd56513be14aa4978e8b47197b8ff95fca1d822aa6af5d16014de99494c8,1
223127773693,https://blog.naver.com/PostView.naver?blogId=agapeuni&logNo=223127773693&categoryNo=1123,SW 유지보수 - 변화에 강한 SW를 위한 유지보수 가이드,2023. 6. 13. 17:10,full-text,,60cfd7d1e2e28249af9ad9b41be7520af95a21f53cedcd39dfde137180ea8055,1
223137725650,https://blog.naver.com/PostView.naver?blogId=agapeuni&logNo=223137725650&categoryNo=1123,System Integration - SI 개요 및 관련 용어,2023. 6. 24. 19:04,full-text,,b66f9784dd0f706ec2b786a579ed8fdaa72ea9cde2604f6ad05371be50458f9b,1
223137767105,https://blog.naver.com/PostView.naver?blogId=agapeuni&logNo=223137767105&categoryNo=1123,"달인이 되는 과정 - 생초보부터 중수, 고수를 거쳐 달인까지 🤣",2023. 6. 24. 20:31,full-text,,9db9ba307feedb4230fadadd64676b8f6b60e1635a621dc3c05549fec4fd52c6,1
223143663294,https://blog.naver.com/PostView.naver?blogId=agapeuni&logNo=223143663294&categoryNo=1123,ERwin - CA ERwin Data Modeler r7.3 설치 (평가판),2023. 7. 1. 4:12,full-text,,c3db5062678573ea66638133280a2742742db554acb5244db5664b2743a99378,1
223144329506,https://blog.naver.com/PostView.naver?blogId=agapeuni&logNo=223144329506&categoryNo=1123,[PRJ-49] 2023.01 ~ 2023.12 - 삼성전자 CS SDK Python,2023. 7. 2. 1:53,full-text,,29d385f4f48d1314686b7c8de83d618d9e998510d37f8da93616662e86115711,1
223146659158,https://blog.naver.com/PostView.naver?blogId=agapeuni&logNo=223146659158&categoryNo=1123,SW기술자 경력관리 - 준비 서류부터 신청 절차까지 A to Z,2023. 7. 4. 16:35,full-text,,b3f22667ce3b8ea6186a28fe9f9f6a9ef8ec34cb49f53f26c12e0be11352b671,1
223150052070,https://blog.naver.com/PostView.naver?blogId=agapeuni&logNo=223150052070&categoryNo=1123,Good vs Bad - 좋은 프로그래머 vs 나쁜 프로그래머 #1,2023. 7. 8. 6:00,full-text,,5fa8593a708ed07d930d908dfa3299159d72f80cc51b862f60f49fb7ff537037,1
223150052348,https://blog.naver.com/PostView.naver?blogId=agapeuni&logNo=223150052348&categoryNo=1123,Good vs Bad - 좋은 프로그래머 vs 나쁜 프로그래머 #2,2023. 7. 8. 10:00,full-text,,0797affac18b99847fb535450fc672d82cf56ac64847233113e4c2b2a0791353,1
223150384059,https://blog.naver.com/PostView.naver?blogId=agapeuni&logNo=223150384059&categoryNo=1123,Skill Inventory - 프로젝트 보유기술 현황 (2023년 7월 기준),2023. 7. 8. 15:53,full-text,,e247b382f0624f834c2ad9b3a59309d510c09d33444b66f1958a7dd8ac583f6b,1
223157306509,https://blog.naver.com/PostView.naver?blogId=agapeuni&logNo=223157306509&categoryNo=1123,현대모비스 - 프로젝트를 진행할 때 지인의 말을 귀담아들어라,2023. 7. 16. 1:03,full-text,,982b1a084fad46834b6e1314a090cb808b38794e1a96b4f570cbff065c06de39,1
223191889402,https://blog.naver.com/PostView.naver?blogId=agapeuni&logNo=223191889402&categoryNo=1123,AZ-900 - Microsoft Azure Fundamentals 학습,2023. 8. 24. 2:45,full-text,,85641e62fedb7ca0f6381f5196a2a7ba998998673a73e4aa4f56ba80b4466cd0,1
223207890370,https://blog.naver.com/PostView.naver?blogId=agapeuni&logNo=223207890370&categoryNo=1123,빅데이터 분석기사 - 제7회 필기시험 2023년 9월 23일,2023. 9. 11. 2:34,full-text,,84e93b3ebbd69a4146257150432f4952ddf47537dba697e4ede82d403e2eba1d,1
223208857852,https://blog.naver.com/PostView.naver?blogId=agapeuni&logNo=223208857852&categoryNo=1123,"빅데이터 분석기사 - 필기 시험 준비, 2주 완성 플랜 공개",2023. 9. 12. 0:29,full-text,,0064574f9939f08e41a43f64be2370076fb8180da5518b353566ddcf8814cb99,1
223213287165,https://blog.naver.com/PostView.naver?blogId=agapeuni&logNo=223213287165&categoryNo=1123,빅데이터 분석기사 - 일주일 학습 계획 이렇게 세웠다,2023. 9. 16. 19:52,full-text,,627f9217b9def9a9a6902f42be9f50774e3e171d438dc20f82c43ebd346543a5,1
223215041717,https://blog.naver.com/PostView.naver?blogId=agapeuni&logNo=223215041717&categoryNo=1123,빅데이터 분석기사 - 데이터분석 개요와 주요 단계,2023. 9. 18. 20:25,full-text,,d47b2cbd49a91ad679a2f0606070a3292571ec48438189c0d72c452070891ca7,1
223217312044,https://blog.naver.com/PostView.naver?blogId=agapeuni&logNo=223217312044&categoryNo=1123,빅데이터 분석기사 - 데이터 분석 모델 평가 지표 완전 정복,2023. 9. 21. 1:43,full-text,,6ccdfedfab63227ea565cbca927d320156bd69049454130504476003327738d2,1
223217349265,https://blog.naver.com/PostView.naver?blogId=agapeuni&logNo=223217349265&categoryNo=1123,빅데이터 분석기사 - 분석 모델 성능 평가와 향상 전략,2023. 9. 21. 4:02,full-text,,7efa9277c3b569733351f9d96a9e90a81bb6ff9d72baf8b8abaf6a2547ea5b5c,1
223217386062,https://blog.naver.com/PostView.naver?blogId=agapeuni&logNo=223217386062&categoryNo=1123,빅데이터 분석기사 - 8가지 핵심 머신러닝 알고리즘 요약 정리,2023. 9. 21. 6:54,full-text,,d04ed47b3a6e14c3e4bb70b74438c619875abaea6a2b797d0a6915b6b3928b87,1
223222704725,https://blog.naver.com/PostView.naver?blogId=agapeuni&logNo=223222704725&categoryNo=1123,빅데이터 분석기사 - CNN부터 GAN까지 딥러닝 모델 정리,2023. 9. 27. 6:28,full-text,,37b4ca1ccc7c66f1f60ab6ffd7e510cd4efe68f6de7c5ed45b7c47330548f20c,1
223230945465,https://blog.naver.com/PostView.naver?blogId=agapeuni&logNo=223230945465&categoryNo=1123,빅데이터 분석기사 - 2023년 9월 23일 필기시험 후기,2023. 10. 8. 3:50,full-text,,a3f689be928b0ebef688d4028c363bb09f27a6ed231c1f2e0cab32542ee9a4f9,1
223236270635,https://blog.naver.com/PostView.naver?blogId=agapeuni&logNo=223236270635&categoryNo=1123,"[컴퓨터·자격] 빅데이터 분석기사 : 필기시험 합격, 실기시험 준비",2023. 10. 14. 7:21,full-text,,b3ed0245f28373bd4f5ee06479355dff968af83ca0ea253aef0b309fdefe1e5f,1
223313935798,https://blog.naver.com/PostView.naver?blogId=agapeuni&logNo=223313935798&categoryNo=1123,Project Manager - 프로젝트 매니저의 정의 및 역할,2024. 1. 6. 2:21,full-text,,c67eee8c1c3673bff52023fb49fdfb651c81b7b14126442cb1aff22186dde6cc,1
223424066919,https://blog.naver.com/PostView.naver?blogId=agapeuni&logNo=223424066919&categoryNo=1123,[PRJ-50] 2024.03 ~ 2025.03 - 삼성전자 CS SDK Java ('24년),2024. 4. 23. 3:05,full-text,,159c2123ea3381d914995aaa58fd30e8f0863285a0592e41cffd2aa639441902,1
223475338337,https://blog.naver.com/PostView.naver?blogId=agapeuni&logNo=223475338337&categoryNo=1123,빅데이터 분석기사 - 2024년 6월 22일 실기시험 준비,2024. 6. 11. 1:56,full-text,,fc61b3e4ac688d319a2e9dd5abf450a356ddbdd7a11c539f8e625f431b0b6adf,1
223537608264,https://blog.naver.com/PostView.naver?blogId=agapeuni&logNo=223537608264&categoryNo=1123,"프로젝트 1기 - 연구소, 닷컴기업, 벤처기업",2024. 8. 5. 21:42,full-text,,c53a7080c2543040fc819faa88924ab496dccdd2b6d3ef15c8e9eec8c540c87e,1
223537609418,https://blog.naver.com/PostView.naver?blogId=agapeuni&logNo=223537609418&categoryNo=1123,"프로젝트 2기 - 일본 도쿄 근무, 퓨쳐비앤씨",2024. 8. 5. 22:50,full-text,,4d4f35b0d125983f1250eb0bd209805ec9b743b6e10f455fd57470e80bd737eb,1
223537625804,https://blog.naver.com/PostView.naver?blogId=agapeuni&logNo=223537625804&categoryNo=1123,"프로젝트 3기 - 삼성전자, 삼성SDS, 삼성SDI",2024. 8. 5. 23:50,full-text,,d23cc275e04168fab6dc0313327f76798a02c6ba68043b8689fc641f878d554f,1
223537627895,https://blog.naver.com/PostView.naver?blogId=agapeuni&logNo=223537627895&categoryNo=1123,"프로젝트 4기 - Smart TV, ISMS, DS PLM",2024. 8. 6. 1:00,full-text,,92565abe6f984cefc3a8f3fe1582d6c88c42f3f3a87beefc513df51037316839,1
223537630114,https://blog.naver.com/PostView.naver?blogId=agapeuni&logNo=223537630114&categoryNo=1123,"프로젝트 5기 - 내담씨앤씨, ICT 사업부",2024. 8. 6. 2:00,full-text,,92b4637e8edb22783ac273e60432a41b0ffa270489337a756b2e4234e80fb256,1
223626672585,https://blog.naver.com/PostView.naver?blogId=agapeuni&logNo=223626672585&categoryNo=1123,UML - 사물(Thing)과 관계(Relationship)를 표현,2024. 10. 20. 23:00,full-text,,baf836ff12d00d89399c82f85512a31c6a39baf84595d9a5add2bb25ae8c0d16,1
223628144646,https://blog.naver.com/PostView.naver?blogId=agapeuni&logNo=223628144646&categoryNo=1123,Para - 클라우드를 위한 범용 백엔드 프레임워크,2024. 10. 21. 23:44,full-text,,717204010598add7f3726ede1fb0962b34c299c5fc5495e25b11893b8843fbbb,1
223628184905,https://blog.naver.com/PostView.naver?blogId=agapeuni&logNo=223628184905&categoryNo=1123,Scoold - 지식을 효율적으로 공유하는 플랫폼,2024. 10. 22. 0:24,full-text,,b60bf7c29abe68f22bcf4b3ffd1afd45347bf8b85fdcd9510b19dbdaa0cb5a38,1
223628341418,https://blog.naver.com/PostView.naver?blogId=agapeuni&logNo=223628341418&categoryNo=1123,Scoold + Para - 프론트(Scoold)와 백앤드(Para)로 연동,2024. 10. 22. 5:21,full-text,,36079c6430d8126794ed170562d30b9a57bdbc4ecfc9cef316a76235eea3ebcd,1
223628374054,https://blog.naver.com/PostView.naver?blogId=agapeuni&logNo=223628374054&categoryNo=1123,Scoold + Para - Scoold와 Para를 로컬환경에 구축,2024. 10. 22. 6:24,full-text,,8bda8cfefa3efbbcdaad9752433540e516c9fcc2bb1c62f2694d097a7a42ab4d,1
223629846093,https://blog.naver.com/PostView.naver?blogId=agapeuni&logNo=223629846093&categoryNo=1123,Project Manager - PM과 PO가 어떻게 다른가?,2024. 10. 23. 7:56,full-text,,a4b39bc64dfd779f40e4267023bed5f5af3b9be42397b472fcf2771cbd809cb1,1
223674003811,https://blog.naver.com/PostView.naver?blogId=agapeuni&logNo=223674003811&categoryNo=1123,UML - 유즈케이스 다이어그램(Use Case Diagram),2024. 11. 26. 23:24,full-text,,a07bd0a7671fcfb05c4152164e82830e9c3b7f0de6dcb97cfcbbb3b9ae97ebc6,1
223674134527,https://blog.naver.com/PostView.naver?blogId=agapeuni&logNo=223674134527&categoryNo=1123,UML - 클래스 다이어그램(Class Diagram),2024. 11. 27. 2:58,full-text,,befd026a408044384306dd255d19c343c1446bd3d9cc45ce76004321143ef55d,1
223675226651,https://blog.naver.com/PostView.naver?blogId=agapeuni&logNo=223675226651&categoryNo=1123,UML - 시퀀스 다이어그램(Sequence Diagram),2024. 11. 27. 23:46,full-text,,f7d6af845faaf80434205f67bbf6b07dffbd4fdd6301a3827d5eb61df14d2b02,1
223675320354,https://blog.naver.com/PostView.naver?blogId=agapeuni&logNo=223675320354&categoryNo=1123,UML - 콜래보레이션 다이어그램(Collaboration Diagram),2024. 11. 28. 2:17,full-text,,d04f79769f4cc4592d4430c53f95440cbf133887e9b6c1e648c6b7e6a7df259a,1
223686689456,https://blog.naver.com/PostView.naver?blogId=agapeuni&logNo=223686689456&categoryNo=1123,UML - 액티비티 다이어그램(Activity Diagram),2024. 12. 8. 21:14,full-text,,a970547d2c4e6e5f721cefe932b37f5be438ba46d45fdb490232a148a810fc56,1
223686701908,https://blog.naver.com/PostView.naver?blogId=agapeuni&logNo=223686701908&categoryNo=1123,UML - 유즈케이스 다이어그램(Use Case Diagram),2024. 12. 8. 23:30,full-text,,4a9f00b71ab1cc94b8dc2470413935fdd75a8d171319ec41df5835d18ac9a302,1
223686712917,https://blog.naver.com/PostView.naver?blogId=agapeuni&logNo=223686712917&categoryNo=1123,UML - 클래스 다이어그램(Class Diagram),2024. 12. 9. 1:30,full-text,,79e968057fd9aaf8a2453b9134430d960644bebea9d96f85795f600741f16312,1
223686725145,https://blog.naver.com/PostView.naver?blogId=agapeuni&logNo=223686725145&categoryNo=1123,UML - 시퀀스 다이어그램(Sequence Diagram),2024. 12. 9. 3:30,full-text,,77825451b3ee3845d4c2c2970f85f601b3fb7730f74d0bf4c4dc65c135732425,1
223686733244,https://blog.naver.com/PostView.naver?blogId=agapeuni&logNo=223686733244&categoryNo=1123,UML - 콤포넌트 다이어그램(Component Diagram),2024. 12. 9. 5:30,full-text,,c82cff9db36e78e2c885acade21349f1ff013088c9608e42acc41ab33af0f346,1
223686737601,https://blog.naver.com/PostView.naver?blogId=agapeuni&logNo=223686737601&categoryNo=1123,UML - 배포 다이어그램(Deployment Diagram),2024. 12. 9. 7:30,full-text,,f88608ed80346e05fb3e25258bbb18f82da1a91426d97adf5180da96206b70c4,1
223761820804,https://blog.naver.com/PostView.naver?blogId=agapeuni&logNo=223761820804&categoryNo=1123,Project Manager - 프로젝트 기획부터 운영까지 진행 단계,2025. 2. 15. 21:02,full-text,,fac4d028940960563d6e7e529abce1b8753ee8a2368c7e3328cf64e084a14c80,1
223761942631,https://blog.naver.com/PostView.naver?blogId=agapeuni&logNo=223761942631&categoryNo=1123,프로젝트 계획- 체계적인 프로젝트 계획 수립 방법,2025. 2. 15. 23:33,full-text,,186c6f65c116bbb11c72e84d22aa1e7d24cc4a5c96b4adcb953232b51d5ae571,1
223829256610,https://blog.naver.com/PostView.naver?blogId=agapeuni&logNo=223829256610&categoryNo=1123,"표준 RFP 단계 - 성공적인 제안의 시작, RFP 절차 마스터하기",2025. 4. 11. 4:48,full-text,,dad5da5660f1119c3e24513b0ef9ba9f19962615e2091aae24fd1ce51af6db37,1
223840915437,https://blog.naver.com/PostView.naver?blogId=agapeuni&logNo=223840915437&categoryNo=1123,"AICE Associate - 시험 개요부터 교재 추천, 학습 전략까지",2025. 4. 21. 2:22,full-text,,e6259863c4f639a1bc3719c72c98779317222a1740913315fe22794aaaa88694,1
223844374605,https://blog.naver.com/PostView.naver?blogId=agapeuni&logNo=223844374605&categoryNo=1123,"2024년 적용 - 소프트웨어 기술자 평균임금, IT 직무별",2025. 4. 23. 23:52,full-text,,dc2b885a55c7755c5577698d15c80bc1b79eac6c087485a3de0bec91c9b974cd,1
223844407031,https://blog.naver.com/PostView.naver?blogId=agapeuni&logNo=223844407031&categoryNo=1123,"2025년 적용 - 소프트웨어 기술자 평균임금, IT 직무별",2025. 4. 24. 1:40,full-text,,880294aa18605aaa2b2d2b03fe852c3271a30c280c5dabc05346f72298652e7a,1
223849522774,https://blog.naver.com/PostView.naver?blogId=agapeuni&logNo=223849522774&categoryNo=1123,"빅데이터 분석기사 - 실기시험 준비, 2개월 학습 로드맵",2025. 4. 29. 8:50,full-text,,3df086fbb8017f000769370585e956847a2d2d77f55cc584385193536fda29ed,1
223856684536,https://blog.naver.com/PostView.naver?blogId=agapeuni&logNo=223856684536&categoryNo=1123,자바 웹 프로그래머 - 자바 웹 기술 리더로 성장하기 위한 방법,2025. 5. 6. 12:35,full-text,,e387392975369ae1952f20dd9592440a8b30e5331ea23e9ea534476f00f50e2e,1
223909260756,https://blog.naver.com/PostView.naver?blogId=agapeuni&logNo=223909260756&categoryNo=1123,빅데이터 분석기사 - 2025년 6월 21일 실기시험 후기,2025. 6. 23. 23:11,full-text,,d7e570f24c97e7e28d23a7130940f71702e37ccfb3b666fc7d7a7775f260cc67,1
223910502791,https://blog.naver.com/PostView.naver?blogId=agapeuni&logNo=223910502791&categoryNo=1123,"데이터 분석 자격증 - 국가 기술, 국가 공인, 국제 민간자격",2025. 6. 24. 22:48,full-text,,d7f5ac0762b6e0e0fc603895cbf14793621cd480b63edc3f884c7da7eb93e635,1
223923013902,https://blog.naver.com/PostView.naver?blogId=agapeuni&logNo=223923013902&categoryNo=1123,"빅데이터 분석기사 - 사전점수 공개, 실기 75점 합격",2025. 7. 5. 19:23,full-text,,1a28f44a355293e87ae9593b857b65fa54519ba5c37becd9e9b6046f23da348c,1
223945822526,https://blog.naver.com/PostView.naver?blogId=agapeuni&logNo=223945822526&categoryNo=1123,리더의 소통법 - 일을 맡기기 전에 확인해야 할 것들,2025. 7. 24. 20:38,full-text,,0265091be8c0c698d66f2d9dd9899234eb195f9b4246923e9346805f578c2006,1
224061557906,https://blog.naver.com/PostView.naver?blogId=agapeuni&logNo=224061557906&categoryNo=1123,Lotto 프로그램 - 데이터 분석과 통계 그리고 AI를 활용,2025. 11. 2. 1:12,full-text,,4f3938c3433b122e1285f14dfa6f6a6536ca6ecf17e7fe74d9e2e62f7d7d8f29,1
224062357650,https://blog.naver.com/PostView.naver?blogId=agapeuni&logNo=224062357650&categoryNo=1123,Lotto 프로그램 - 확률과 통계로 경우의 수를 줄여보자,2025. 11. 2. 22:43,full-text,,a72657d55e2a3430e284ad357e40519e70ecdbb0fb1b9e0e0a39b34be4ec9ba8,1
224141128438,https://blog.naver.com/PostView.naver?blogId=agapeuni&logNo=224141128438&categoryNo=1123,Lotto 프로그램 - 역대 당첨번호의 데이터 분포도를 활용,2026. 1. 10. 1:11,full-text,,70573bce22f49d46a2dd4081beae215a02dfcd0d7d7cfc11dac562d495317abb,1
224141890163,https://blog.naver.com/PostView.naver?blogId=agapeuni&logNo=224141890163&categoryNo=1123,"Lotto 프로그램 - 1차 목표 도달, 필터가 되는 번호들",2026. 1. 10. 20:56,full-text,,4a6f1cce38057c8f396b514a6572f56f77a4a6bdd6849524a50637fe90e740ab,1
224158567603,https://blog.naver.com/PostView.naver?blogId=agapeuni&logNo=224158567603&categoryNo=1123,"Lotto 프로그램 - 2차 목표 도달, 645 번호를 생성",2026. 1. 24. 23:00,full-text,,652c6699599c94f302d4d9e01e7ab3edcafede547f07f3b250b2cf812d6a849c,1
224164889693,https://blog.naver.com/PostView.naver?blogId=agapeuni&logNo=224164889693&categoryNo=1123,인터뷰 질문 - 기술보다 자세와 태도를 중요하게 생각,2026. 1. 30. 6:59,full-text,,c0d5d5652b4acce3da1f4c7e1937a2888e62316272adfa500133d2b99c9438b3,1
224349860615,https://blog.naver.com/PostView.naver?blogId=agapeuni&logNo=224349860615&categoryNo=1123,웹 애플리케이션 - 전통 방식과 현재 구조 비교 정리,2026. 7. 18. 1:23,full-text,,0f170bfc4bd118ea70923d9f726ea04e47d9ba3c5df8ade95da2609734bf6b21,1
