language,section,title,url,note,content_hash,images,image_errors,files,file_errors
ko,00 메인,내담씨앤씨,https://www.ndcc.co.kr/,70 업무·프로젝트/NDCC 회사 사이트/한국어/00 메인/home 내담씨앤씨.md,b5f8b70de8d8181e5b0d06fea1b52a4ce2a3653c846ef4aa3d389d3102aa5168,11,0,0,0
ko,10 회사소개,회사소개 | 사업개요 | 내담씨앤씨,https://www.ndcc.co.kr/user/company/businessList,70 업무·프로젝트/NDCC 회사 사이트/한국어/10 회사소개/businessList 회사소개 - 사업개요 - 내담씨앤씨.md,4bb9a43f45de8787214a4c0bfc93973139f87b58bcc5b23b8e63fe5a32603184,0,0,0,0
ko,10 회사소개,회사소개 | CEO메시지 | 내담씨앤씨,https://www.ndcc.co.kr/user/company/ceoList,70 업무·프로젝트/NDCC 회사 사이트/한국어/10 회사소개/ceoList 회사소개 - CEO메시지 - 내담씨앤씨.md,cebc77bd2a863731b0a06f9a7f943aab85eb85bb159cf97e1ad41dd465617bc0,1,0,0,0
ko,10 회사소개,회사소개 | CI | 내담씨앤씨,https://www.ndcc.co.kr/user/company/ciList,70 업무·프로젝트/NDCC 회사 사이트/한국어/10 회사소개/ciList 회사소개 - CI - 내담씨앤씨.md,335c4c7ce03c96b5f2656b9cac707d557ed55ba6b73788c6b7de06cec1e227d7,2,0,0,0
ko,10 회사소개,회사소개 | 오시는 길 | 내담씨앤씨,https://www.ndcc.co.kr/user/company/directionsList,70 업무·프로젝트/NDCC 회사 사이트/한국어/10 회사소개/directionsList 회사소개 - 오시는 길 - 내담씨앤씨.md,8b0b46c00a52a395398a4d320cdf6687b4101c28dc27a95e09c33f0f62953e9a,6,0,0,0
ko,10 회사소개,사업소개 | 사업부소개 | 내담씨앤씨,https://www.ndcc.co.kr/user/company/divisionList,70 업무·프로젝트/NDCC 회사 사이트/한국어/10 회사소개/divisionList 사업소개 - 사업부소개 - 내담씨앤씨.md,9b97a06acf9f01c4966b2f7cb343bbd610b20c02d1b5212ea0d3e942ffe4a36c,6,0,0,0
ko,10 회사소개,회사소개 | ESG | 내담씨앤씨,https://www.ndcc.co.kr/user/company/esgList,70 업무·프로젝트/NDCC 회사 사이트/한국어/10 회사소개/esgList 회사소개 - ESG - 내담씨앤씨.md,a703765f39eeffd13438ff5b5be05122412dd18c27d9d46eb15d5f05f620179e,0,0,0,0
ko,10 회사소개,회사소개 | 연혁 | 내담씨앤씨,https://www.ndcc.co.kr/user/company/historyList,70 업무·프로젝트/NDCC 회사 사이트/한국어/10 회사소개/historyList 회사소개 - 연혁 - 내담씨앤씨.md,7917a132b58cc8104c6c998ce1f8eacb4ac1da7d3fe8f13fe3e23e7291365dfd,7,0,0,0
ko,40 인재정보,인재정보 | 인사제도 | 내담씨앤씨,https://www.ndcc.co.kr/user/highflier/hrDepartment,70 업무·프로젝트/NDCC 회사 사이트/한국어/40 인재정보/hrDepartment 인재정보 - 인사제도 - 내담씨앤씨.md,990586a15d331ca4fcac57365d1ecf2529e7ca0dccfa64933699568f6d56e64c,0,0,0,0
ko,40 인재정보,인재정보 | 인재상 | 내담씨앤씨,https://www.ndcc.co.kr/user/highflier/qualifiedEmployee,70 업무·프로젝트/NDCC 회사 사이트/한국어/40 인재정보/qualifiedEmployee 인재정보 - 인재상 - 내담씨앤씨.md,dceee565623f36e02abfd4e7efc5a4796c33e6502eb2e00ba3f0c82045ea4e42,0,0,0,0
ko,20 사업소개,사업소개 | 사업소개 | 내담씨앤씨,https://www.ndcc.co.kr/user/introduction/businessIntroduction,70 업무·프로젝트/NDCC 회사 사이트/한국어/20 사업소개/businessIntroduction 사업소개 - 사업소개 - 내담씨앤씨.md,e41dba42f4abf89c46946544e57e25bcb16c1bf14e1b9a2f86fbf62f981645a8,10,0,0,0
ko,20 사업소개,사업소개 | 사업소개 | MES | 내담씨앤씨,https://www.ndcc.co.kr/user/introduction/introduction?businessPostNo=10,70 업무·프로젝트/NDCC 회사 사이트/한국어/20 사업소개/introduction-10 사업소개 - 사업소개 - MES - 내담씨앤씨.md,71dc58299df4faa4af2b100a63788e7338185dde27a49e5b42a2be157e814007,9,0,0,0
ko,20 사업소개,사업소개 | 사업소개 | Solution Development | 내담씨앤씨,https://www.ndcc.co.kr/user/introduction/introduction?businessPostNo=11,70 업무·프로젝트/NDCC 회사 사이트/한국어/20 사업소개/introduction-11 사업소개 - 사업소개 - Solution Development - 내담씨앤씨.md,e24226986ffff631ec58628ac88777ac054b7dfa7f0cc229661a161f9a785adf,9,0,0,0
ko,20 사업소개,사업소개 | 사업소개 | 축산물생산관리시스템 | 내담씨앤씨,https://www.ndcc.co.kr/user/introduction/introduction?businessPostNo=12,70 업무·프로젝트/NDCC 회사 사이트/한국어/20 사업소개/introduction-12 사업소개 - 사업소개 - 축산물생산관리시스템 - 내담씨앤씨.md,08c5eb24fe5b83649d6402a528d07841d8c7330d429ac5c69c1972fe1889dafe,8,0,0,0
ko,20 사업소개,사업소개 | 사업소개 | 배합사료 관리 시스템 | 내담씨앤씨,https://www.ndcc.co.kr/user/introduction/introduction?businessPostNo=13,70 업무·프로젝트/NDCC 회사 사이트/한국어/20 사업소개/introduction-13 사업소개 - 사업소개 - 배합사료 관리 시스템 - 내담씨앤씨.md,f1d7808eb8475752e3dd576a2fc3b7a98f7e151e370305ff5560115b8c3502df,8,0,0,0
ko,20 사업소개,사업소개 | 사업소개 | CONSULTING | 내담씨앤씨,https://www.ndcc.co.kr/user/introduction/introduction?businessPostNo=15,70 업무·프로젝트/NDCC 회사 사이트/한국어/20 사업소개/introduction-15 사업소개 - 사업소개 - CONSULTING - 내담씨앤씨.md,f79592eca6695146b374fad2c5c0ce367e7c9464477aebc3347c1ec5fe0de045,9,0,0,0
ko,20 사업소개,사업소개 | 사업소개 | System Integration | 내담씨앤씨,https://www.ndcc.co.kr/user/introduction/introduction?businessPostNo=16,70 업무·프로젝트/NDCC 회사 사이트/한국어/20 사업소개/introduction-16 사업소개 - 사업소개 - System Integration - 내담씨앤씨.md,40efb2b96ce82bb87f7c769190a67000fcd622e2f24ccd60b114e30c4a976e4f,9,0,0,0
ko,20 사업소개,사업소개 | 사업소개 | Building On | 내담씨앤씨,https://www.ndcc.co.kr/user/introduction/introduction?businessPostNo=4,70 업무·프로젝트/NDCC 회사 사이트/한국어/20 사업소개/introduction-4 사업소개 - 사업소개 - Building On - 내담씨앤씨.md,cb3f1446a821b311443cc7f771383b62858e48797790da6be452050bc3f5b812,9,0,0,0
ko,20 사업소개,사업소개 | 사업소개 | Vision AI | 내담씨앤씨,https://www.ndcc.co.kr/user/introduction/introduction?businessPostNo=5,70 업무·프로젝트/NDCC 회사 사이트/한국어/20 사업소개/introduction-5 사업소개 - 사업소개 - Vision AI - 내담씨앤씨.md,3fbfcb5fa6447ab48071b3f146b2cc20841ad897b935146493a9d52f2ad93457,9,0,0,0
ko,20 사업소개,사업소개 | 사업소개 | Cloud MSP | 내담씨앤씨,https://www.ndcc.co.kr/user/introduction/introduction?businessPostNo=6,70 업무·프로젝트/NDCC 회사 사이트/한국어/20 사업소개/introduction-6 사업소개 - 사업소개 - Cloud MSP - 내담씨앤씨.md,73984ebbeabc991ed08aa8f7885d01b20f712dae5b1e35c93b64b1038764fa9d,9,0,0,0
ko,20 사업소개,사업소개 | 사업소개 | SCM | 내담씨앤씨,https://www.ndcc.co.kr/user/introduction/introduction?businessPostNo=7,70 업무·프로젝트/NDCC 회사 사이트/한국어/20 사업소개/introduction-7 사업소개 - 사업소개 - SCM - 내담씨앤씨.md,fec52fff01c3c631e8fd62b5de8a66a59ea706c36b18d14e1aeb57c0136dfa83,9,0,0,0
ko,20 사업소개,사업소개 | 사업소개 | Inno PLM | 내담씨앤씨,https://www.ndcc.co.kr/user/introduction/introduction?businessPostNo=8,70 업무·프로젝트/NDCC 회사 사이트/한국어/20 사업소개/introduction-8 사업소개 - 사업소개 - Inno PLM - 내담씨앤씨.md,6d30c1d242b0ef0f8ff559dc06b3ef7e97a6dfb75a7d16f7ece6f068a1c8618e,9,0,0,0
ko,20 사업소개,사업소개 | 사업소개 | Inno AMS | 내담씨앤씨,https://www.ndcc.co.kr/user/introduction/introduction?businessPostNo=9,70 업무·프로젝트/NDCC 회사 사이트/한국어/20 사업소개/introduction-9 사업소개 - 사업소개 - Inno AMS - 내담씨앤씨.md,0e0e0ab1e00eb183dfefefa47c9c44d8fed7d678a9144d9095151fe8ff124885,9,0,0,0
ko,50 공지사항,내담씨앤씨,https://www.ndcc.co.kr/user/notice/getNoticeDetail/6254,70 업무·프로젝트/NDCC 회사 사이트/한국어/50 공지사항/6254 내담씨앤씨.md,135b9711c749e6867f52716c41727d4329c83f35032f6dbe68701184162049ab,0,0,0,0
ko,50 공지사항,공지사항 | 내담씨앤씨,https://www.ndcc.co.kr/user/notice/noticeList/5018,70 업무·프로젝트/NDCC 회사 사이트/한국어/50 공지사항/5018 공지사항 - 내담씨앤씨.md,003a0bdef62b5b321ae127d00330b74ec584c479e5ee5ec4c9b14b30c8d20baa,0,0,0,0
ko,30 파트너,파트너 | Partner | 내담씨앤씨,https://www.ndcc.co.kr/user/partner/partnerList,70 업무·프로젝트/NDCC 회사 사이트/한국어/30 파트너/partnerList 파트너 - Partner - 내담씨앤씨.md,2ea90108eea9189c9ca01693a39faebf942062917ff3c4a197ba68fda86dad8f,40,2,0,0
ko,30 파트너,파트너 | Partner Ship | 내담씨앤씨,https://www.ndcc.co.kr/user/partner/partnerShipList,70 업무·프로젝트/NDCC 회사 사이트/한국어/30 파트너/partnerShipList 파트너 - Partner Ship - 내담씨앤씨.md,4ec5da82dc2976eb1dee7ecf1402961c7af856b83cce7c2b1153044cfddeab71,4,0,0,0
ko,40 인재정보,내담씨앤씨,https://www.ndcc.co.kr/user/recruit/getRecruitDetail/6193,70 업무·프로젝트/NDCC 회사 사이트/한국어/40 인재정보/6193 내담씨앤씨.md,b0f5894537d1fbc19558570356e43aeefd8dbaa23a33a49e12c0d4e978aae870,0,0,0,0
ko,40 인재정보,인재정보 | 채용안내 | 내담씨앤씨,https://www.ndcc.co.kr/user/recruit/userRecruitList,70 업무·프로젝트/NDCC 회사 사이트/한국어/40 인재정보/userRecruitList 인재정보 - 채용안내 - 내담씨앤씨.md,2874cb5a864da42ac88d21671c1020b0ca5b689b271eb6edeb650d92dbbbdf92,0,0,1,0
